	Protein ID	Prob(Pre)	Prob(Post)	Predicted Class
0	Q8R4H7	0.002093195915222168	0.9979068040847778	Post
