	Protein ID	Prob(Pre)	Prob(Post)	Predicted Class
0	P58806	0.4366666666666667	0.5633333333333332	Post
1	Q25338	0.49	0.51	Post
